Symbol,Date,Close
CSL,3-Jan-12,32.04
CSL,4-Jan-12,32.15
CSL,5-Jan-12,31.96
CSL,6-Jan-12,31.72
CSL,9-Jan-12,31.68
CSL,10-Jan-12,32.05
CSL,11-Jan-12,31.92
CSL,12-Jan-12,31.8
CSL,13-Jan-12,31.87
CSL,16-Jan-12,31.49
CSL,17-Jan-12,31.32
CSL,18-Jan-12,31.2
CSL,19-Jan-12,31.37
CSL,20-Jan-12,31.5
CSL,23-Jan-12,31.25
CSL,24-Jan-12,30.56
CSL,25-Jan-12,30.96
CSL,27-Jan-12,30.87
CSL,30-Jan-12,30.77
CSL,31-Jan-12,31.13
CSL,1/02/2012,31.35
CSL,2/02/2012,30.94
CSL,3/02/2012,30.44
CSL,6/02/2012,30
CSL,7/02/2012,29.8
CSL,8/02/2012,30.44
CSL,9/02/2012,30.81
CSL,10/02/2012,30.57
CSL,13-Feb-12,31.08
CSL,14-Feb-12,30.78
CSL,15-Feb-12,30.79
CSL,16-Feb-12,30.15
CSL,17-Feb-12,30.37
CSL,20-Feb-12,30.81
CSL,21-Feb-12,30.95
CSL,22-Feb-12,31.72
CSL,23-Feb-12,32.36
CSL,24-Feb-12,32.9
CSL,27-Feb-12,32.44
CSL,28-Feb-12,33.19
CSL,29-Feb-12,32.78
CSL,1/03/2012,32.53
CSL,2/03/2012,32.87
CSL,5/03/2012,33
CSL,6/03/2012,32.9
CSL,7/03/2012,32.5
CSL,8/03/2012,32.4
CSL,9/03/2012,33
CSL,12/03/2012,32.9
CSL,13-Mar-12,33.54
CSL,14-Mar-12,33.53
CSL,15-Mar-12,33.68
CSL,16-Mar-12,33.61
CSL,19-Mar-12,34
CSL,20-Mar-12,33.8
CSL,21-Mar-12,33.66
CSL,22-Mar-12,33.68
CSL,23-Mar-12,34.22
CSL,26-Mar-12,34.12
CSL,27-Mar-12,34.49
CSL,28-Mar-12,35.15
CSL,29-Mar-12,36.3
CSL,30-Mar-12,35.89
CSL,2/04/2012,35.52
CSL,3/04/2012,35.47
CSL,4/04/2012,36
CSL,5/04/2012,36.4
CSL,10/04/2012,35.26
CSL,11/04/2012,35.39
CSL,12/04/2012,35.8
CSL,13-Apr-12,36.35
CSL,16-Apr-12,36.27
CSL,17-Apr-12,36.87
CSL,18-Apr-12,36.78
CSL,19-Apr-12,36.89
CSL,20-Apr-12,37.7
CSL,23-Apr-12,37.35
CSL,24-Apr-12,37.26
CSL,26-Apr-12,38.02
CSL,27-Apr-12,36.9
CSL,30-Apr-12,36.66
CSL,1/05/2012,37.33
CSL,2/05/2012,37.75
CSL,3/05/2012,37.9
CSL,4/05/2012,37.44
CSL,7/05/2012,37.06
CSL,8/05/2012,37.36
CSL,9/05/2012,37.19
CSL,10/05/2012,37.45
CSL,11/05/2012,37.97
CSL,14-May-12,38.36
CSL,15-May-12,37.93
CSL,16-May-12,37.05
CSL,17-May-12,36.81
CSL,18-May-12,36.55
CSL,21-May-12,36.99
CSL,22-May-12,37.36
CSL,23-May-12,37.19
CSL,24-May-12,37.8
CSL,25-May-12,37.18
CSL,28-May-12,37.23
CSL,29-May-12,36.91
CSL,30-May-12,37.16
CSL,31-May-12,37.65
CSL,1/06/2012,37.89
CSL,4/06/2012,37.78
CSL,5/06/2012,38.33
CSL,6/06/2012,38.9
CSL,7/06/2012,39.4
CSL,8/06/2012,39.24
CSL,12/06/2012,39.82
CSL,13-Jun-12,39.75
CSL,14-Jun-12,39.2
CSL,15-Jun-12,38.94
CSL,18-Jun-12,39.3
CSL,19-Jun-12,39.33
CSL,20-Jun-12,38.85
CSL,21-Jun-12,38.53
CSL,22-Jun-12,38.22
CSL,25-Jun-12,38.03
CSL,26-Jun-12,38.7
CSL,27-Jun-12,38.9
CSL,28-Jun-12,39.47
CSL,29-Jun-12,39.42
CSL,2/07/2012,38.75
CSL,3/07/2012,38.62
CSL,4/07/2012,38.45
CSL,5/07/2012,39.05
CSL,6/07/2012,38.82
CSL,9/07/2012,38.9
CSL,10/07/2012,39.15
CSL,11/07/2012,38.5
CSL,12/07/2012,39.35
CSL,13-Jul-12,39.11
CSL,16-Jul-12,39.18
CSL,17-Jul-12,39.66
CSL,18-Jul-12,40.28
CSL,19-Jul-12,41
CSL,20-Jul-12,41
CSL,23-Jul-12,40.5
CSL,24-Jul-12,40.3
CSL,25-Jul-12,41.1
CSL,26-Jul-12,41.41
CSL,27-Jul-12,42.26
CSL,30-Jul-12,42.8
CSL,31-Jul-12,42.7
CSL,1/08/2012,42.37
CSL,2/08/2012,41.35
CSL,3/08/2012,40.28
CSL,6/08/2012,40.54
CSL,7/08/2012,39.86
CSL,8/08/2012,39.89
CSL,9/08/2012,39.67
CSL,10/08/2012,39.59
CSL,13-Aug-12,39.36
CSL,14-Aug-12,40.08
CSL,15-Aug-12,40.2
CSL,16-Aug-12,40.08
CSL,17-Aug-12,39.94
CSL,20-Aug-12,40.91
CSL,21-Aug-12,41.33
CSL,22-Aug-12,42
CSL,23-Aug-12,41.8
CSL,24-Aug-12,42.3
CSL,27-Aug-12,42.15
CSL,28-Aug-12,42.98
CSL,29-Aug-12,43.25
CSL,30-Aug-12,44.08
CSL,31-Aug-12,44.43
CSL,3/09/2012,44.5
CSL,4/09/2012,44.3
CSL,5/09/2012,45.54
CSL,6/09/2012,45.09
CSL,7/09/2012,44.01
CSL,10/09/2012,43.88
CSL,11/09/2012,44.85
CSL,12/09/2012,44.71
CSL,13-Sep-12,44.13
CSL,14-Sep-12,43.5
CSL,17-Sep-12,42.25
CSL,18-Sep-12,42.87
CSL,19-Sep-12,43.69
CSL,20-Sep-12,43.87
CSL,21-Sep-12,43.94
CSL,24-Sep-12,44.53
CSL,25-Sep-12,44.31
CSL,26-Sep-12,45.18
CSL,27-Sep-12,46
CSL,28-Sep-12,46
CSL,1/10/2012,45.76
CSL,2/10/2012,45.92
CSL,3/10/2012,45.13
CSL,4/10/2012,45.3
CSL,5/10/2012,45.85
CSL,8/10/2012,46.07
CSL,9/10/2012,46.55
CSL,10/10/2012,47.04
CSL,11/10/2012,47.3
CSL,12/10/2012,46.43
CSL,15-Oct-12,46.57
CSL,16-Oct-12,46.74
CSL,17-Oct-12,47.71
CSL,18-Oct-12,47.78
CSL,19-Oct-12,47.44
CSL,22-Oct-12,46.75
CSL,23-Oct-12,46.64
CSL,24-Oct-12,46.58
CSL,25-Oct-12,46.87
CSL,26-Oct-12,46.3
CSL,29-Oct-12,46.19
CSL,30-Oct-12,46.4
CSL,31-Oct-12,47.5
CSL,1/11/2012,46.89
CSL,2/11/2012,46.78
CSL,5/11/2012,47
CSL,6/11/2012,47.4
CSL,7/11/2012,48
CSL,8/11/2012,47.75
CSL,9/11/2012,48.4
CSL,12/11/2012,48.05
CSL,13-Nov-12,48.01
CSL,14-Nov-12,47.92
CSL,15-Nov-12,47.65
CSL,16-Nov-12,47.94
CSL,19-Nov-12,48.38
CSL,20-Nov-12,48.7
CSL,21-Nov-12,47.49
CSL,22-Nov-12,47.58
CSL,23-Nov-12,47.36
CSL,26-Nov-12,46.78
CSL,27-Nov-12,50.01
CSL,28-Nov-12,50.3
CSL,29-Nov-12,51.75
CSL,30-Nov-12,51.7
CSL,3/12/2012,52.94
CSL,4/12/2012,53.4
CSL,5/12/2012,52.95
CSL,6/12/2012,53.45
CSL,7/12/2012,54.77
CSL,10/12/2012,53.53
CSL,11/12/2012,53.15
CSL,12/12/2012,54.52
CSL,13-Dec-12,54.32
CSL,14-Dec-12,54.01
CSL,17-Dec-12,53.35
CSL,18-Dec-12,53.42
CSL,19-Dec-12,53.6
CSL,20-Dec-12,54.13
CSL,21-Dec-12,54.05
CSL,24-Dec-12,54.2
CSL,27-Dec-12,53.97
CSL,28-Dec-12,54.38
CSL,31-Dec-12,53.9
CSL,2/01/2013,53.69
CSL,3/01/2013,53.4
CSL,4/01/2013,52.57
CSL,7/01/2013,52.45
CSL,8/01/2013,52.24
CSL,9/01/2013,52.3
CSL,10/01/2013,52.39
CSL,11/01/2013,51.95
CSL,14-Jan-13,51.75
CSL,15-Jan-13,52.37
CSL,16-Jan-13,54.21
CSL,17-Jan-13,54.55
CSL,18-Jan-13,54.61
CSL,21-Jan-13,54.15
CSL,22-Jan-13,53.95
CSL,23-Jan-13,52.65
CSL,24-Jan-13,52.75
CSL,25-Jan-13,53.05
CSL,29-Jan-13,55
CSL,30-Jan-13,55.4
CSL,31-Jan-13,54.94
CSL,1/02/2013,54.72
CSL,4/02/2013,54.5
CSL,5/02/2013,54.89
CSL,6/02/2013,56.06
CSL,7/02/2013,56.23
CSL,8/02/2013,57.51
CSL,11/02/2013,57.04
CSL,12/02/2013,57.24
CSL,13-Feb-13,57.21
CSL,14-Feb-13,56.4
CSL,15-Feb-13,55.84
CSL,18-Feb-13,56.59
CSL,19-Feb-13,57.59
CSL,20-Feb-13,57.86
CSL,21-Feb-13,57.55
CSL,22-Feb-13,58.56
CSL,25-Feb-13,58.61
CSL,26-Feb-13,58.25
CSL,27-Feb-13,58.85
CSL,28-Feb-13,60
CSL,1/03/2013,59.98
CSL,4/03/2013,59.91
CSL,5/03/2013,59.9
CSL,6/03/2013,60.35
CSL,7/03/2013,59.47
CSL,8/03/2013,59.85
CSL,11/03/2013,60.27
CSL,12/03/2013,60.43
CSL,13-Mar-13,60.03
CSL,14-Mar-13,59.7
CSL,15-Mar-13,61.75
CSL,18-Mar-13,60.21
CSL,19-Mar-13,59.25
CSL,20-Mar-13,58.85
CSL,21-Mar-13,58.75
CSL,22-Mar-13,58.49
CSL,25-Mar-13,58.92
CSL,26-Mar-13,58.5
CSL,27-Mar-13,59
CSL,28-Mar-13,59.23
CSL,2/04/2013,59.17
CSL,3/04/2013,59.07
CSL,4/04/2013,59.06
CSL,5/04/2013,58.3
CSL,8/04/2013,58.7
CSL,9/04/2013,58.35
CSL,10/04/2013,57.99
CSL,11/04/2013,59.35
CSL,12/04/2013,59.28
CSL,15-Apr-13,58.8
CSL,16-Apr-13,59.17
CSL,17-Apr-13,60.36
CSL,18-Apr-13,59.91
CSL,19-Apr-13,60.05
CSL,22-Apr-13,60.2
CSL,23-Apr-13,60.87
CSL,24-Apr-13,62.75
CSL,26-Apr-13,61.91
CSL,29-Apr-13,62.84
CSL,30-Apr-13,62.96
CSL,1/05/2013,62.67
CSL,2/05/2013,61.69
CSL,3/05/2013,62.67
CSL,6/05/2013,62.59
CSL,7/05/2013,62.87
CSL,8/05/2013,59.61
CSL,9/05/2013,60.72
CSL,10/05/2013,62
CSL,13-May-13,62.44
CSL,14-May-13,63.2
CSL,15-May-13,63.31
CSL,16-May-13,61.68
CSL,17-May-13,61.7
CSL,20-May-13,61.5
CSL,21-May-13,60.85
CSL,22-May-13,60.95
CSL,23-May-13,60.86
CSL,24-May-13,59.69
CSL,27-May-13,59.18
CSL,28-May-13,58.93
CSL,29-May-13,60.61
CSL,30-May-13,60.37
CSL,31-May-13,59.6
CSL,3/06/2013,59.49
CSL,4/06/2013,59.26
CSL,5/06/2013,58.81
CSL,6/06/2013,58.08
CSL,7/06/2013,57.81
CSL,11/06/2013,58.64
CSL,12/06/2013,58.2
CSL,13-Jun-13,58.16
CSL,14-Jun-13,57.97
CSL,17-Jun-13,58.23
CSL,18-Jun-13,58
CSL,19-Jun-13,57.34
CSL,20-Jun-13,57.85
CSL,21-Jun-13,57.89
CSL,24-Jun-13,59.29
CSL,25-Jun-13,60.51
CSL,26-Jun-13,60.51
CSL,27-Jun-13,61.55
CSL,28-Jun-13,61.58
CSL,1/07/2013,60.65
CSL,2/07/2013,62.59
CSL,3/07/2013,61.25
CSL,4/07/2013,63.38
CSL,5/07/2013,63.28
CSL,8/07/2013,62.93
CSL,9/07/2013,64.66
CSL,10/07/2013,65.96
CSL,11/07/2013,65.54
CSL,12/07/2013,65.52
CSL,15-Jul-13,65.56
CSL,16-Jul-13,65.66
CSL,17-Jul-13,64.94
CSL,18-Jul-13,64.46
CSL,19-Jul-13,64.64
CSL,22-Jul-13,65.28
CSL,23-Jul-13,66
CSL,24-Jul-13,65
CSL,25-Jul-13,66
CSL,26-Jul-13,65.89
CSL,29-Jul-13,65.96
CSL,30-Jul-13,65.64
CSL,31-Jul-13,66.07
CSL,1/08/2013,66.79
CSL,2/08/2013,67.67
CSL,5/08/2013,67.38
CSL,6/08/2013,66.88
CSL,7/08/2013,65.5
CSL,8/08/2013,66.67
CSL,9/08/2013,66
CSL,12/08/2013,65.19
CSL,13-Aug-13,67.8
CSL,14-Aug-13,65.79
CSL,15-Aug-13,63.58
CSL,16-Aug-13,63.35
CSL,19-Aug-13,64.3
CSL,20-Aug-13,65.3
CSL,21-Aug-13,65.74
CSL,22-Aug-13,65.39
CSL,23-Aug-13,66.2
CSL,26-Aug-13,67.18
CSL,27-Aug-13,67.55
CSL,28-Aug-13,67.75
CSL,29-Aug-13,67.02
CSL,30-Aug-13,67.99
CSL,2/09/2013,69
CSL,3/09/2013,68.22
CSL,4/09/2013,67.53
CSL,5/09/2013,67.45
CSL,6/09/2013,66.8
CSL,9/09/2013,66.5
CSL,10/09/2013,65.91
CSL,11/09/2013,65.86
CSL,12/09/2013,65.28
CSL,13-Sep-13,65.9
CSL,16-Sep-13,65.8
CSL,17-Sep-13,65.45
CSL,18-Sep-13,64.82
CSL,19-Sep-13,65.09
CSL,20-Sep-13,64.54
CSL,23-Sep-13,64.96
CSL,24-Sep-13,64.84
CSL,25-Sep-13,65.31
CSL,26-Sep-13,64.51
CSL,27-Sep-13,65.54
CSL,30-Sep-13,64
CSL,1/10/2013,64.53
CSL,2/10/2013,64.6
CSL,3/10/2013,64.73
CSL,4/10/2013,65.04
CSL,7/10/2013,64.11
CSL,8/10/2013,65.58
CSL,9/10/2013,65.2
CSL,10/10/2013,65.1
CSL,11/10/2013,65.95
CSL,14-Oct-13,65.35
CSL,15-Oct-13,65.38
CSL,16-Oct-13,66.26
CSL,17-Oct-13,67.3
CSL,18-Oct-13,68.42
CSL,21-Oct-13,67.84
CSL,22-Oct-13,67.6
CSL,23-Oct-13,66.36
CSL,24-Oct-13,66.8
CSL,25-Oct-13,66.47
CSL,28-Oct-13,68.49
CSL,29-Oct-13,68.5
CSL,30-Oct-13,68.68
CSL,31-Oct-13,69.5
CSL,1/11/2013,68.74
CSL,4/11/2013,68.14
CSL,5/11/2013,68.05
CSL,6/11/2013,67.41
CSL,7/11/2013,67.84
CSL,8/11/2013,67.75
CSL,11/11/2013,67.72
CSL,12/11/2013,67.63
CSL,13-Nov-13,67.07
CSL,14-Nov-13,67.6
CSL,15-Nov-13,67.86
CSL,18-Nov-13,67.6
CSL,19-Nov-13,68.35
CSL,20-Nov-13,67.55
CSL,21-Nov-13,67.67
CSL,22-Nov-13,67.86
CSL,25-Nov-13,68.43
CSL,26-Nov-13,68.64
CSL,27-Nov-13,68.56
CSL,28-Nov-13,69.04
CSL,29-Nov-13,68.73
CSL,2/12/2013,67.69
CSL,3/12/2013,68.4
CSL,4/12/2013,68.32
CSL,5/12/2013,67.79
CSL,6/12/2013,67.3
CSL,9/12/2013,66.82
CSL,10/12/2013,67.09
CSL,11/12/2013,66.34
CSL,12/12/2013,65.95
CSL,13-Dec-13,66.37
CSL,16-Dec-13,66.17
CSL,17-Dec-13,66.4
CSL,18-Dec-13,66.21
CSL,19-Dec-13,66.69
CSL,20-Dec-13,67.44
CSL,23-Dec-13,68.3
CSL,24-Dec-13,68.83
CSL,27-Dec-13,68.4
CSL,30-Dec-13,68.9
CSL,31-Dec-13,68.96
CSL,2/01/2014,68.82
CSL,3/01/2014,68.83
CSL,6/01/2014,68.6
CSL,7/01/2014,68.43
CSL,8/01/2014,68.31
CSL,9/01/2014,68.22
CSL,10/01/2014,67.88
CSL,13-Jan-14,67.8
CSL,14-Jan-14,67.1
CSL,15-Jan-14,67.69
CSL,16-Jan-14,69.4
CSL,17-Jan-14,70.02
CSL,20-Jan-14,69.95
CSL,21-Jan-14,70.68
CSL,22-Jan-14,70.14
CSL,23-Jan-14,70.13
CSL,24-Jan-14,70.87
CSL,28-Jan-14,70.04
CSL,29-Jan-14,71.1
CSL,30-Jan-14,70.78
CSL,31-Jan-14,70.26
CSL,3/02/2014,70
CSL,4/02/2014,69.03
CSL,5/02/2014,68.33
CSL,6/02/2014,68.74
CSL,7/02/2014,68.69
CSL,10/02/2014,69.69
CSL,11/02/2014,69.86
CSL,12/02/2014,67.75
CSL,13-Feb-14,66.5
CSL,14-Feb-14,67.69
CSL,17-Feb-14,69.2
CSL,18-Feb-14,69.71
CSL,20-Feb-14,70.31
CSL,21-Feb-14,70.4
CSL,24-Feb-14,70.8
CSL,25-Feb-14,71.17
CSL,26-Feb-14,71.95
CSL,27-Feb-14,71.91
CSL,28-Feb-14,72.2
CSL,3/03/2014,71.68
CSL,4/03/2014,71.94
CSL,5/03/2014,72.12
CSL,6/03/2014,71.24
CSL,7/03/2014,71.9
CSL,10/03/2014,72.48
CSL,11/03/2014,72.32
CSL,12/03/2014,72.5
CSL,13-Mar-14,72.4
CSL,14-Mar-14,71.7
CSL,17-Mar-14,71.38
CSL,18-Mar-14,71.5
CSL,19-Mar-14,71.2
CSL,20-Mar-14,70.76
CSL,21-Mar-14,71.11
CSL,24-Mar-14,71.85
CSL,25-Mar-14,71.24
CSL,26-Mar-14,71.3
CSL,27-Mar-14,70.56
CSL,28-Mar-14,69.85
CSL,31-Mar-14,69.56
CSL,1/04/2014,69.47
CSL,2/04/2014,69.72
CSL,3/04/2014,70.47
CSL,4/04/2014,70.6
CSL,7/04/2014,70.36
CSL,8/04/2014,69.7
CSL,9/04/2014,69.91
CSL,10/04/2014,69.66
CSL,11/04/2014,68.57
CSL,14-Apr-14,67.28
CSL,15-Apr-14,67.1
CSL,16-Apr-14,67.53
CSL,17-Apr-14,67.68
CSL,22-Apr-14,67.98
CSL,23-Apr-14,68.01
CSL,24-Apr-14,67.94
CSL,28-Apr-14,67.95
CSL,29-Apr-14,67.93
CSL,30-Apr-14,68.43
CSL,1/05/2014,68.62
CSL,2/05/2014,68.84
CSL,5/05/2014,68.85
CSL,6/05/2014,69.64
CSL,7/05/2014,69.08
CSL,8/05/2014,69.14
CSL,9/05/2014,69.3
CSL,12/05/2014,69.25
CSL,13-May-14,70
CSL,14-May-14,70.19
CSL,15-May-14,70.3
CSL,16-May-14,69.9
CSL,19-May-14,69.25
CSL,20-May-14,68.79
CSL,21-May-14,68.86
CSL,22-May-14,69.77
CSL,23-May-14,70.22
CSL,26-May-14,70.65
CSL,27-May-14,70.61
CSL,28-May-14,70.62
CSL,29-May-14,70.76
CSL,30-May-14,70.59
CSL,2/06/2014,71.05
CSL,3/06/2014,70.58
CSL,4/06/2014,70.24
CSL,5/06/2014,70.13
CSL,6/06/2014,70.49
CSL,10/06/2014,69.25
CSL,11/06/2014,69.15
CSL,12/06/2014,68.7
CSL,13-Jun-14,68.05
CSL,16-Jun-14,67.7
CSL,17-Jun-14,67.52
CSL,18-Jun-14,67.86
CSL,19-Jun-14,68.22
CSL,20-Jun-14,67.45
CSL,23-Jun-14,67.65
CSL,24-Jun-14,67.01
CSL,25-Jun-14,66.56
CSL,26-Jun-14,67
CSL,27-Jun-14,66.94
CSL,30-Jun-14,66.55
CSL,1/07/2014,67.13
CSL,2/07/2014,67.68
CSL,3/07/2014,68.1
CSL,4/07/2014,68.5
CSL,7/07/2014,68
CSL,8/07/2014,68.3
CSL,9/07/2014,67.6
CSL,10/07/2014,67.46
CSL,11/07/2014,67.49
CSL,14-Jul-14,68.39
CSL,15-Jul-14,68.43
CSL,16-Jul-14,68.54
CSL,17-Jul-14,67.7
CSL,18-Jul-14,67.58
CSL,21-Jul-14,67.59
CSL,22-Jul-14,67.28
CSL,23-Jul-14,67.15
CSL,24-Jul-14,67.35
CSL,25-Jul-14,66.8
CSL,28-Jul-14,66.76
CSL,29-Jul-14,66.86
CSL,30-Jul-14,67.4
CSL,31-Jul-14,67.8
CSL,1/08/2014,65.35
CSL,4/08/2014,64.94
CSL,5/08/2014,65.39
CSL,6/08/2014,64.41
CSL,7/08/2014,64.19
CSL,8/08/2014,63.94
CSL,11/08/2014,64.25
CSL,12/08/2014,65.55
CSL,13-Aug-14,67.24
CSL,14-Aug-14,70.42
CSL,15-Aug-14,70.46
CSL,18-Aug-14,71.02
CSL,19-Aug-14,71.93
CSL,20-Aug-14,72.73
CSL,21-Aug-14,73.4
CSL,22-Aug-14,73.13
CSL,25-Aug-14,73.37
CSL,26-Aug-14,74.19
CSL,27-Aug-14,74.85
CSL,28-Aug-14,74.62
CSL,29-Aug-14,73.87
CSL,1/09/2014,74.3
CSL,2/09/2014,75
CSL,3/09/2014,74.65
CSL,4/09/2014,74.41
CSL,5/09/2014,73.41
CSL,8/09/2014,72.16
CSL,9/09/2014,73.2
CSL,10/09/2014,73.2
CSL,11/09/2014,73.8
CSL,12/09/2014,73.36
CSL,15-Sep-14,73.22
CSL,16-Sep-14,72.6
CSL,17-Sep-14,72.37
CSL,18-Sep-14,72.61
CSL,19-Sep-14,72.94
CSL,22-Sep-14,72.85
CSL,23-Sep-14,73.88
CSL,24-Sep-14,74.25
CSL,25-Sep-14,74.6
CSL,26-Sep-14,73.5
CSL,29-Sep-14,73.44
CSL,30-Sep-14,74.17
CSL,1/10/2014,74.22
CSL,2/10/2014,73.98
CSL,3/10/2014,73.72
CSL,6/10/2014,74.04
CSL,7/10/2014,73.28
CSL,8/10/2014,73.08
CSL,9/10/2014,73.17
CSL,10/10/2014,72.38
CSL,13-Oct-14,71.98
CSL,14-Oct-14,72.5
CSL,15-Oct-14,73.5
CSL,16-Oct-14,73.97
CSL,17-Oct-14,74.65
CSL,20-Oct-14,74.48
CSL,21-Oct-14,74.35
CSL,22-Oct-14,74.62
CSL,23-Oct-14,74.9
CSL,24-Oct-14,75.66
CSL,27-Oct-14,76.28
CSL,28-Oct-14,77.38
CSL,29-Oct-14,77.91
CSL,30-Oct-14,79.16
CSL,31-Oct-14,80.19
CSL,3/11/2014,78.8
CSL,4/11/2014,79.44
CSL,5/11/2014,79.23
CSL,6/11/2014,79.44
CSL,7/11/2014,79.96
CSL,10/11/2014,79.47
CSL,11/11/2014,80
CSL,12/11/2014,79.45
CSL,13-Nov-14,79.6
CSL,14-Nov-14,79.91
CSL,17-Nov-14,78.72
CSL,18-Nov-14,78.47
CSL,19-Nov-14,78.34
CSL,20-Nov-14,78.33
CSL,21-Nov-14,78.6
CSL,24-Nov-14,79.63
CSL,25-Nov-14,79.5
CSL,26-Nov-14,80.86
CSL,27-Nov-14,83.02
CSL,28-Nov-14,82.57
CSL,1/12/2014,83.15
CSL,2/12/2014,84.63
CSL,3/12/2014,86.35
CSL,4/12/2014,87.46
CSL,5/12/2014,85.97
CSL,8/12/2014,88.43
CSL,9/12/2014,87.21
CSL,10/12/2014,84.7
CSL,11/12/2014,85.76
CSL,12/12/2014,85.32
CSL,15-Dec-14,85.66
CSL,16-Dec-14,85.35
CSL,17-Dec-14,85.8
CSL,18-Dec-14,85.28
CSL,19-Dec-14,86.36
CSL,22-Dec-14,88.33
CSL,23-Dec-14,87.66
CSL,24-Dec-14,87.47
CSL,29-Dec-14,88.87
CSL,30-Dec-14,87.11
CSL,31-Dec-14,86.68
CSL,2/01/2015,87.38
CSL,5/01/2015,87.75
CSL,6/01/2015,86.13
CSL,7/01/2015,86.25
CSL,8/01/2015,85.86
CSL,9/01/2015,87.1
CSL,12/01/2015,86.67
CSL,13-Jan-15,86.49
CSL,14-Jan-15,85.82
CSL,15-Jan-15,86.3
CSL,16-Jan-15,83
CSL,19-Jan-15,83.47
CSL,20-Jan-15,83.76
CSL,21-Jan-15,84.83
CSL,22-Jan-15,84.44
CSL,23-Jan-15,85.35
CSL,27-Jan-15,86.42
CSL,28-Jan-15,87.12
CSL,29-Jan-15,87.57
CSL,30-Jan-15,87.95
CSL,2/02/2015,88.1
CSL,3/02/2015,87.6
CSL,4/02/2015,87.99
CSL,5/02/2015,88.32
CSL,6/02/2015,88.45
CSL,9/02/2015,90.16
CSL,10/02/2015,90
CSL,11/02/2015,82.95
CSL,12/02/2015,85.54
CSL,13-Feb-15,86.54
CSL,16-Feb-15,87.37
CSL,17-Feb-15,86.59
CSL,18-Feb-15,88.5
CSL,19-Feb-15,88.67
CSL,20-Feb-15,89.7
CSL,23-Feb-15,90.26
CSL,24-Feb-15,91.23
CSL,25-Feb-15,90.81
CSL,26-Feb-15,90.46
CSL,27-Feb-15,92.24
CSL,2/03/2015,91.86
CSL,3/03/2015,91.8
CSL,4/03/2015,92.18
CSL,5/03/2015,92
CSL,6/03/2015,93.55
CSL,9/03/2015,92.3
CSL,10/03/2015,93.52
CSL,11/03/2015,92.49
CSL,12/03/2015,92.8
CSL,13-Mar-15,92.67
CSL,16-Mar-15,91.81
CSL,17-Mar-15,92.81
CSL,18-Mar-15,93.62
CSL,19-Mar-15,95.22
CSL,20-Mar-15,95.43
CSL,23-Mar-15,94.39
CSL,24-Mar-15,94.84
CSL,25-Mar-15,93.55
CSL,26-Mar-15,91.7
CSL,27-Mar-15,91.85
CSL,30-Mar-15,91.6
CSL,31-Mar-15,92.12
CSL,1/04/2015,92.63
CSL,2/04/2015,93.32
CSL,7/04/2015,93.6
CSL,8/04/2015,94.9
CSL,9/04/2015,94.26
CSL,10/04/2015,95.11
CSL,13-Apr-15,95.7
CSL,14-Apr-15,95.62
CSL,15-Apr-15,95.4
CSL,16-Apr-15,94.83
CSL,17-Apr-15,94.06
CSL,20-Apr-15,93
CSL,21-Apr-15,92.81
CSL,22-Apr-15,92.6
CSL,23-Apr-15,93.82
CSL,24-Apr-15,95.21
CSL,27-Apr-15,95.28
CSL,28-Apr-15,93.73
CSL,29-Apr-15,91
CSL,30-Apr-15,90.98
CSL,1/05/2015,90.01
CSL,4/05/2015,91.25
CSL,6/05/2015,90.08
CSL,7/05/2015,90.01
CSL,8/05/2015,89.66
CSL,11/05/2015,89.13
CSL,12/05/2015,88.39
CSL,13-May-15,88.45
CSL,14-May-15,88
CSL,15-May-15,89.36
CSL,18-May-15,88.18
CSL,19-May-15,88.5
CSL,20-May-15,89.68
CSL,21-May-15,91.64
CSL,22-May-15,91.12
CSL,25-May-15,92.8
CSL,26-May-15,93.5
CSL,27-May-15,92.42
CSL,28-May-15,92.6
CSL,29-May-15,93.5
CSL,1/06/2015,93.34
CSL,2/06/2015,93.05
CSL,3/06/2015,91.5
CSL,4/06/2015,90.08
CSL,5/06/2015,90.97
CSL,9/06/2015,90.41
CSL,10/06/2015,89.17
CSL,11/06/2015,89.02
CSL,12/06/2015,89.3
CSL,15-Jun-15,89.03
CSL,16-Jun-15,88.2
CSL,17-Jun-15,87.2
CSL,18-Jun-15,85.97
CSL,19-Jun-15,87.4
CSL,22-Jun-15,87.54
CSL,23-Jun-15,89.47
CSL,24-Jun-15,89.93
CSL,25-Jun-15,88.86
CSL,26-Jun-15,87.77
CSL,29-Jun-15,85.85
CSL,30-Jun-15,86.47
CSL,1/07/2015,88.55
CSL,2/07/2015,89.86
CSL,3/07/2015,88.14
CSL,6/07/2015,86.95
CSL,7/07/2015,89
CSL,8/07/2015,88.58
CSL,9/07/2015,88.45
CSL,10/07/2015,88.06
CSL,13-Jul-15,89.45
CSL,14-Jul-15,92.2
CSL,15-Jul-15,94.27
CSL,16-Jul-15,93.85
CSL,17-Jul-15,93.9
CSL,20-Jul-15,95.48
CSL,21-Jul-15,96.25
CSL,22-Jul-15,94.62
CSL,23-Jul-15,94.24
CSL,24-Jul-15,93.7
CSL,27-Jul-15,94.65
CSL,28-Jul-15,96.17
CSL,29-Jul-15,97.7
CSL,30-Jul-15,96.35
CSL,31-Jul-15,98.96
CSL,3/08/2015,98.83
CSL,4/08/2015,100.77
CSL,5/08/2015,100.21
CSL,6/08/2015,98.45
CSL,7/08/2015,96.84
CSL,10/08/2015,96.95
CSL,11/08/2015,95.11
CSL,12/08/2015,93
CSL,13-Aug-15,92.92
CSL,14-Aug-15,93.15
CSL,17-Aug-15,93.87
CSL,18-Aug-15,93.49
CSL,19-Aug-15,93.13
CSL,20-Aug-15,92
CSL,21-Aug-15,90.15
CSL,24-Aug-15,88.29
CSL,25-Aug-15,90.59
CSL,26-Aug-15,90.4
CSL,27-Aug-15,92.75
CSL,28-Aug-15,92.62
CSL,31-Aug-15,91.87
CSL,1/09/2015,89.86
CSL,2/09/2015,91.03
CSL,3/09/2015,90.02
CSL,4/09/2015,90.18
CSL,7/09/2015,90.66
CSL,8/09/2015,90.76
CSL,9/09/2015,91.95
CSL,10/09/2015,90.2
CSL,11/09/2015,88.93
CSL,14-Sep-15,90.07
CSL,15-Sep-15,88.96
CSL,16-Sep-15,90.5
CSL,17-Sep-15,90.45
CSL,18-Sep-15,90.57
CSL,21-Sep-15,90.2
CSL,22-Sep-15,90.33
CSL,23-Sep-15,89.24
CSL,24-Sep-15,90.67
CSL,25-Sep-15,90.42
CSL,28-Sep-15,90.76
CSL,29-Sep-15,87.8
CSL,30-Sep-15,89.2
CSL,1/10/2015,89.94
CSL,2/10/2015,88.54
CSL,5/10/2015,90.2
CSL,6/10/2015,90.02
CSL,7/10/2015,90.17
CSL,8/10/2015,90.95
CSL,9/10/2015,91.2
CSL,12/10/2015,88.92
CSL,13-Oct-15,89.53
CSL,14-Oct-15,89.25
CSL,15-Oct-15,88.99
CSL,16-Oct-15,89.3
CSL,19-Oct-15,88.7
CSL,20-Oct-15,90.01
CSL,21-Oct-15,89.52
CSL,22-Oct-15,90.2
CSL,23-Oct-15,90.39
CSL,26-Oct-15,90.87
CSL,27-Oct-15,92.44
CSL,28-Oct-15,93.31
CSL,29-Oct-15,92.94
CSL,30-Oct-15,93.79
CSL,2/11/2015,92.3
CSL,3/11/2015,94.2
CSL,4/11/2015,93.82
CSL,5/11/2015,94.18
CSL,6/11/2015,95.32
CSL,9/11/2015,95.5
CSL,10/11/2015,95.05
CSL,11/11/2015,96.1
CSL,12/11/2015,96.1
CSL,13-Nov-15,95.15
CSL,16-Nov-15,94.42
CSL,17-Nov-15,96.18
CSL,18-Nov-15,96.44
CSL,19-Nov-15,98.1
CSL,20-Nov-15,98.27
CSL,23-Nov-15,99.12
CSL,24-Nov-15,98.77
CSL,25-Nov-15,98.34
CSL,26-Nov-15,99.9
CSL,27-Nov-15,99.65
CSL,30-Nov-15,100.11
CSL,1/12/2015,100.71
CSL,2/12/2015,100
CSL,3/12/2015,99.14
CSL,4/12/2015,98.22
CSL,7/12/2015,98.5
CSL,8/12/2015,98.77
CSL,9/12/2015,99.03
CSL,10/12/2015,99.2
CSL,11/12/2015,99.89
CSL,14-Dec-15,99.86
CSL,15-Dec-15,100.35
CSL,16-Dec-15,100.89
CSL,17-Dec-15,103.53
CSL,18-Dec-15,103.53
CSL,21-Dec-15,103.41
CSL,22-Dec-15,104.52
CSL,23-Dec-15,103.43
CSL,24-Dec-15,103.25
CSL,29-Dec-15,104.79
CSL,30-Dec-15,106.28
CSL,31-Dec-15,105.31
CSL,4/01/2016,106.52
CSL,5/01/2016,104.42
CSL,6/01/2016,103.8
CSL,7/01/2016,102.84
CSL,8/01/2016,103.12
CSL,11/01/2016,102.9
CSL,12/01/2016,104.58
CSL,13-Jan-16,104.54
CSL,14-Jan-16,102.8
CSL,15-Jan-16,103.28
CSL,18-Jan-16,102.69
CSL,19-Jan-16,103.69
CSL,20-Jan-16,105.7
CSL,21-Jan-16,107.57
CSL,22-Jan-16,107.24
CSL,25-Jan-16,107.59
CSL,27-Jan-16,105.83
CSL,28-Jan-16,107.14
CSL,29-Jan-16,104
CSL,1/02/2016,107.99
CSL,2/02/2016,107.49
CSL,3/02/2016,105.35
CSL,4/02/2016,105.74
CSL,5/02/2016,105.36
CSL,8/02/2016,105.27
CSL,9/02/2016,102.58
CSL,10/02/2016,101.52
CSL,11/02/2016,103.55
CSL,12/02/2016,103.3
CSL,15-Feb-16,104.43
CSL,16-Feb-16,106
CSL,17-Feb-16,102.08
CSL,18-Feb-16,100.67
CSL,19-Feb-16,101.8
CSL,22-Feb-16,102.5
CSL,23-Feb-16,101.38
CSL,24-Feb-16,100.95
CSL,25-Feb-16,101.44
CSL,26-Feb-16,102.39
CSL,29-Feb-16,102.72
CSL,1/03/2016,103.3
CSL,2/03/2016,105.02
CSL,3/03/2016,104.36
CSL,4/03/2016,102.57
CSL,7/03/2016,103.15
CSL,8/03/2016,102.43
CSL,9/03/2016,104.7
CSL,10/03/2016,103.15
CSL,11/03/2016,103.58
CSL,14-Mar-16,103.59
CSL,15-Mar-16,102.35
CSL,16-Mar-16,102.3
CSL,17-Mar-16,101.85
CSL,18-Mar-16,100.1
CSL,21-Mar-16,100.5
CSL,22-Mar-16,101.67
CSL,23-Mar-16,100.63
CSL,24-Mar-16,102.2
CSL,29-Mar-16,98.57
CSL,30-Mar-16,100.36
CSL,31-Mar-16,101.44
CSL,1/04/2016,101
CSL,4/04/2016,101.31
CSL,5/04/2016,99.39
CSL,6/04/2016,100.35
CSL,7/04/2016,101.44
CSL,8/04/2016,101.25
CSL,11/04/2016,100.19
CSL,12/04/2016,100
CSL,13-Apr-16,100.59
CSL,14-Apr-16,99.93
CSL,15-Apr-16,101.58
CSL,18-Apr-16,103.37
CSL,19-Apr-16,103.5
CSL,20-Apr-16,104.25
CSL,21-Apr-16,105
CSL,22-Apr-16,104.65
CSL,26-Apr-16,104.38
CSL,27-Apr-16,104.06
CSL,28-Apr-16,103.94
CSL,29-Apr-16,105.18
CSL,2/05/2016,106
CSL,3/05/2016,109.45
CSL,4/05/2016,111.37
CSL,5/05/2016,109.63
CSL,6/05/2016,109.15
CSL,9/05/2016,110
CSL,10/05/2016,109.82
CSL,11/05/2016,110.02
CSL,12/05/2016,110.58
CSL,13-May-16,110.85
CSL,16-May-16,112.95
CSL,17-May-16,113
CSL,18-May-16,113.91
CSL,19-May-16,114.23
CSL,20-May-16,113.87
CSL,23-May-16,113.17
CSL,24-May-16,113.26
CSL,25-May-16,114.55
CSL,26-May-16,115.82
CSL,27-May-16,115.73
CSL,30-May-16,116.41
CSL,31-May-16,115.76
CSL,1/06/2016,116.7
CSL,2/06/2016,116.32
CSL,3/06/2016,117.11
CSL,6/06/2016,117.26
CSL,7/06/2016,117.1
CSL,8/06/2016,117.21
CSL,9/06/2016,116.33
CSL,10/06/2016,115.07
CSL,14-Jun-16,111.33
CSL,15-Jun-16,109.46
CSL,16-Jun-16,109.32
CSL,17-Jun-16,108.79
CSL,20-Jun-16,108.09
CSL,21-Jun-16,108.89
CSL,22-Jun-16,108.61
CSL,23-Jun-16,109.03
CSL,24-Jun-16,106.75
CSL,27-Jun-16,108.82
CSL,28-Jun-16,107.95
CSL,29-Jun-16,108.36
CSL,30-Jun-16,112.18
CSL,1/07/2016,111.76
CSL,4/07/2016,112.4
CSL,5/07/2016,111.25
CSL,6/07/2016,110.98
CSL,7/07/2016,111.02
CSL,8/07/2016,110.49
CSL,11/07/2016,112.01
CSL,12/07/2016,112.55
CSL,13-Jul-16,111.24
CSL,14-Jul-16,112.84
CSL,15-Jul-16,113.26
CSL,18-Jul-16,113.85
CSL,19-Jul-16,114.63
CSL,20-Jul-16,117.01
CSL,21-Jul-16,119.11
CSL,22-Jul-16,119.01
CSL,25-Jul-16,120.86
CSL,26-Jul-16,119.47
CSL,27-Jul-16,117.86
CSL,28-Jul-16,117.5
CSL,29-Jul-16,118
CSL,1/08/2016,117.59
CSL,2/08/2016,117.78
CSL,3/08/2016,116.8
CSL,4/08/2016,114.75
CSL,5/08/2016,114.69
CSL,8/08/2016,115.16
CSL,9/08/2016,113.99
CSL,10/08/2016,115.43
CSL,11/08/2016,115.57
CSL,12/08/2016,116.5
CSL,15-Aug-16,116.28
CSL,16-Aug-16,116.75
CSL,17-Aug-16,110.84
CSL,18-Aug-16,107.7
CSL,19-Aug-16,107.89
CSL,22-Aug-16,107.7
CSL,23-Aug-16,110.11
CSL,24-Aug-16,110.5
CSL,25-Aug-16,109.41
CSL,26-Aug-16,109.05
CSL,29-Aug-16,108.67
CSL,30-Aug-16,110.14
CSL,31-Aug-16,108.1
CSL,1/09/2016,107.3
CSL,2/09/2016,104.93
CSL,5/09/2016,104.92
CSL,6/09/2016,103.39
CSL,7/09/2016,102.94
CSL,8/09/2016,103.72
CSL,9/09/2016,101.39
CSL,12/09/2016,100.06
CSL,13-Sep-16,99.94
CSL,14-Sep-16,100.7
CSL,15-Sep-16,101.04
CSL,16-Sep-16,102.9
CSL,19-Sep-16,102.02
CSL,20-Sep-16,102.45
CSL,21-Sep-16,102.85
CSL,22-Sep-16,103.97
CSL,23-Sep-16,105.66
CSL,26-Sep-16,106.1
CSL,27-Sep-16,108.1
CSL,28-Sep-16,108.87
CSL,29-Sep-16,107.78
CSL,30-Sep-16,107
CSL,3/10/2016,106.57
CSL,4/10/2016,106.94
CSL,5/10/2016,106.52
CSL,6/10/2016,106.56
CSL,7/10/2016,106.4
CSL,10/10/2016,106.7
CSL,11/10/2016,105.48
CSL,12/10/2016,106.54
CSL,13-Oct-16,104.97
CSL,14-Oct-16,105.65
CSL,17-Oct-16,104.26
CSL,18-Oct-16,105.28
CSL,19-Oct-16,105.87
CSL,20-Oct-16,105.63
CSL,21-Oct-16,104.06
CSL,24-Oct-16,102.53
CSL,25-Oct-16,102.98
CSL,26-Oct-16,101.78
CSL,27-Oct-16,100
CSL,28-Oct-16,99.32
CSL,31-Oct-16,100.51
CSL,1/11/2016,99.65
CSL,2/11/2016,97.49
CSL,3/11/2016,98.2
CSL,4/11/2016,98.66
CSL,7/11/2016,99.77
CSL,8/11/2016,98.87
CSL,9/11/2016,97.15
CSL,10/11/2016,102.47
CSL,11/11/2016,103.23
CSL,14-Nov-16,103.92
CSL,15-Nov-16,101.45
CSL,16-Nov-16,99.14
CSL,17-Nov-16,101.09
CSL,18-Nov-16,100.25
CSL,21-Nov-16,99.56
CSL,22-Nov-16,100.33
CSL,23-Nov-16,99.69
CSL,24-Nov-16,99.21
CSL,25-Nov-16,99.25
CSL,28-Nov-16,98.46
CSL,29-Nov-16,98.89
CSL,30-Nov-16,98
CSL,1/12/2016,99.22
CSL,2/12/2016,98.08
CSL,5/12/2016,95.64
CSL,6/12/2016,96.25
CSL,7/12/2016,96.39
CSL,8/12/2016,95.35
CSL,9/12/2016,95
CSL,12/12/2016,92.1
CSL,13-Dec-16,95.03
CSL,14-Dec-16,96.8
CSL,15-Dec-16,96.82
CSL,16-Dec-16,96.93
CSL,19-Dec-16,97.3
CSL,20-Dec-16,98.12
CSL,21-Dec-16,98.8
CSL,22-Dec-16,98.19
CSL,23-Dec-16,97.8
CSL,28-Dec-16,99.41
CSL,29-Dec-16,99.53
CSL,30-Dec-16,100.41
CSL,3/01/2017,100.87
CSL,4/01/2017,101.04
CSL,5/01/2017,102.05
CSL,6/01/2017,102.33
CSL,9/01/2017,104
CSL,10/01/2017,104
CSL,11/01/2017,103.87
CSL,12/01/2017,100.96
CSL,13-Jan-17,101.08
CSL,16-Jan-17,100.89
CSL,17-Jan-17,100.2
CSL,18-Jan-17,99.12
CSL,19-Jan-17,111.5
CSL,20-Jan-17,114.6
CSL,23-Jan-17,111.53
CSL,24-Jan-17,112.55
CSL,25-Jan-17,112.3
CSL,27-Jan-17,112.88
CSL,30-Jan-17,111.4
CSL,31-Jan-17,112.3
CSL,1/02/2017,113.32
CSL,2/02/2017,112.11
CSL,3/02/2017,112.37
CSL,6/02/2017,111.79
CSL,7/02/2017,112.57
CSL,8/02/2017,112.94
CSL,9/02/2017,113.2
CSL,10/02/2017,114.37
CSL,13-Feb-17,115.07
CSL,14-Feb-17,114.67
CSL,15-Feb-17,118
CSL,16-Feb-17,122.4
CSL,17-Feb-17,120.27
CSL,20-Feb-17,119.8
CSL,21-Feb-17,119.28
CSL,22-Feb-17,120.53
CSL,23-Feb-17,119.99
CSL,24-Feb-17,117.74
CSL,27-Feb-17,117.93
CSL,28-Feb-17,117.86
CSL,1/03/2017,118.12
CSL,2/03/2017,120.33
CSL,3/03/2017,120.5
CSL,6/03/2017,120.23
CSL,7/03/2017,121.49
CSL,8/03/2017,122.49
CSL,9/03/2017,122.66
CSL,10/03/2017,125.91
CSL,13-Mar-17,124.74
CSL,14-Mar-17,124.7
CSL,15-Mar-17,124.58
CSL,16-Mar-17,124.03
CSL,17-Mar-17,123.34
CSL,20-Mar-17,125.06
CSL,21-Mar-17,125.05
CSL,22-Mar-17,122.58
CSL,23-Mar-17,122.37
CSL,24-Mar-17,123.5
CSL,27-Mar-17,122.8
CSL,28-Mar-17,123
CSL,29-Mar-17,124.33
CSL,30-Mar-17,125.49
CSL,31-Mar-17,125.33
CSL,3/04/2017,126.23
CSL,4/04/2017,126.49
CSL,5/04/2017,126.4
CSL,6/04/2017,127.99
CSL,7/04/2017,128.46
CSL,10/04/2017,128.3
CSL,11/04/2017,128.47
CSL,12/04/2017,127.71
CSL,13-Apr-17,127.98
CSL,18-Apr-17,128.71
CSL,19-Apr-17,127.64
CSL,20-Apr-17,127.94
CSL,21-Apr-17,128.42
CSL,24-Apr-17,128.59
CSL,26-Apr-17,130.11
CSL,27-Apr-17,130.89
CSL,28-Apr-17,132.55
CSL,1/05/2017,132.79
CSL,2/05/2017,132.94
CSL,3/05/2017,133.43
CSL,4/05/2017,133.65
CSL,5/05/2017,133.62
CSL,8/05/2017,134.5
CSL,9/05/2017,134.25
CSL,10/05/2017,134.72
CSL,11/05/2017,135.75
CSL,12/05/2017,134.13
CSL,15-May-17,134.31
CSL,16-May-17,134.3
CSL,17-May-17,132.65
CSL,18-May-17,129.83
CSL,19-May-17,131.06
CSL,22-May-17,130.27
CSL,23-May-17,131.1
CSL,24-May-17,133.11
CSL,25-May-17,132.27
CSL,26-May-17,132.09
CSL,29-May-17,132.88
CSL,30-May-17,131.64
CSL,31-May-17,129.29
CSL,1/06/2017,131.32
CSL,2/06/2017,132
CSL,5/06/2017,132.25
CSL,6/06/2017,130.1
CSL,7/06/2017,131.28
CSL,8/06/2017,135.32
CSL,9/06/2017,135.05
CSL,13-Jun-17,137.65
CSL,14-Jun-17,142.04
CSL,15-Jun-17,139.45
CSL,16-Jun-17,139
CSL,19-Jun-17,139.62
CSL,20-Jun-17,138.56
CSL,21-Jun-17,139.5
CSL,22-Jun-17,141
CSL,23-Jun-17,143.33
CSL,26-Jun-17,142.72
CSL,27-Jun-17,140.8
CSL,28-Jun-17,140.46
CSL,29-Jun-17,142.07
CSL,30-Jun-17,138.03
CSL,3/07/2017,135.27
CSL,4/07/2017,136.48
CSL,5/07/2017,135
CSL,6/07/2017,137
CSL,7/07/2017,134.17
CSL,10/07/2017,133.32
CSL,11/07/2017,132.46
CSL,12/07/2017,129.1
CSL,13-Jul-17,132.76
CSL,14-Jul-17,130.89
CSL,17-Jul-17,129.95
CSL,18-Jul-17,128.36
CSL,19-Jul-17,127.99
CSL,20-Jul-17,127.39
CSL,21-Jul-17,126.79
CSL,24-Jul-17,126.01
CSL,25-Jul-17,128.56
CSL,26-Jul-17,130.01
CSL,27-Jul-17,128.82
CSL,28-Jul-17,125.94
CSL,31-Jul-17,126
CSL,1/08/2017,127.06
CSL,2/08/2017,127.48
CSL,3/08/2017,127
CSL,4/08/2017,128.14
CSL,7/08/2017,127.86
CSL,8/08/2017,126.96
CSL,9/08/2017,128.48
CSL,10/08/2017,127.78
CSL,11/08/2017,126.26
CSL,14-Aug-17,126.31
CSL,15-Aug-17,127.18
CSL,16-Aug-17,125.27
CSL,17-Aug-17,127
CSL,18-Aug-17,128.61
CSL,21-Aug-17,126.67
CSL,22-Aug-17,128.05
CSL,23-Aug-17,128.33
CSL,24-Aug-17,128
CSL,25-Aug-17,128.55
CSL,28-Aug-17,128.2
CSL,29-Aug-17,126.85
CSL,30-Aug-17,126.84
CSL,31-Aug-17,128.52
CSL,1/09/2017,130.99
CSL,4/09/2017,130.46
CSL,5/09/2017,130.88
CSL,6/09/2017,132.28
CSL,7/09/2017,130.95
CSL,8/09/2017,131.26
CSL,11/09/2017,132.51
CSL,12/09/2017,132.61
CSL,13-Sep-17,132.29
CSL,14-Sep-17,131.25
CSL,15-Sep-17,130.96
CSL,18-Sep-17,131.46
CSL,19-Sep-17,130.95
CSL,20-Sep-17,133.75
CSL,21-Sep-17,132.81
CSL,22-Sep-17,133.08
CSL,25-Sep-17,133.86
CSL,26-Sep-17,132.53
CSL,27-Sep-17,132.43
CSL,28-Sep-17,133.94
CSL,29-Sep-17,133.96
CSL,2/10/2017,134.88
CSL,3/10/2017,134.51
CSL,4/10/2017,133.29
CSL,5/10/2017,133.25
CSL,6/10/2017,134.82
CSL,9/10/2017,136.44
CSL,10/10/2017,136.1
CSL,11/10/2017,136.7
CSL,12/10/2017,137.99
CSL,13-Oct-17,137.66
CSL,16-Oct-17,138.1
CSL,17-Oct-17,138.95
CSL,18-Oct-17,141.45
CSL,19-Oct-17,140.95
CSL,20-Oct-17,139.92
CSL,23-Oct-17,139.74
CSL,24-Oct-17,139.91
CSL,25-Oct-17,139.43
CSL,26-Oct-17,139.85
CSL,27-Oct-17,139.33
CSL,30-Oct-17,139.94
CSL,31-Oct-17,138.93
CSL,1/11/2017,140.27
CSL,2/11/2017,140.42
CSL,3/11/2017,140.99
CSL,6/11/2017,143.02
CSL,7/11/2017,144.59
CSL,8/11/2017,144.27
CSL,9/11/2017,145.78
CSL,10/11/2017,144
CSL,13-Nov-17,143.62
CSL,14-Nov-17,140.79
CSL,15-Nov-17,141.25
CSL,16-Nov-17,140.7
CSL,17-Nov-17,142.11
CSL,20-Nov-17,142.95
CSL,21-Nov-17,143.66
CSL,22-Nov-17,145.03
CSL,23-Nov-17,146.04
CSL,24-Nov-17,146.56
CSL,27-Nov-17,147.35
CSL,28-Nov-17,147.2
CSL,29-Nov-17,145.97
CSL,30-Nov-17,143.34
CSL,1/12/2017,145.6
CSL,4/12/2017,145.31
CSL,5/12/2017,144.37
CSL,6/12/2017,141.39
CSL,7/12/2017,142.15
CSL,8/12/2017,142.03
CSL,11/12/2017,141.43
CSL,12/12/2017,140.61
CSL,13-Dec-17,141.53
CSL,14-Dec-17,140.81
CSL,15-Dec-17,140.03
CSL,18-Dec-17,141.28
CSL,19-Dec-17,142.47
CSL,20-Dec-17,141.62
CSL,21-Dec-17,141.06
CSL,22-Dec-17,141.2
CSL,27-Dec-17,141.13
CSL,28-Dec-17,140.93
CSL,29-Dec-17,141.3
CSL,2/01/2018,140.55
CSL,3/01/2018,139.42
CSL,4/01/2018,141.55
CSL,5/01/2018,142.7
CSL,8/01/2018,143.3
CSL,9/01/2018,141.9
CSL,10/01/2018,142
CSL,11/01/2018,140.75
CSL,12/01/2018,141.83
CSL,15-Jan-18,143
CSL,16-Jan-18,142.16
CSL,17-Jan-18,142.02
CSL,18-Jan-18,142.38
CSL,19-Jan-18,143.93
CSL,22-Jan-18,145.4
CSL,23-Jan-18,146.5
CSL,24-Jan-18,147.83
CSL,25-Jan-18,147.56
CSL,29-Jan-18,149.84
CSL,30-Jan-18,147.5
CSL,31-Jan-18,146.42
CSL,1/02/2018,146.01
CSL,2/02/2018,147.29
CSL,5/02/2018,146.44
CSL,6/02/2018,140.5
CSL,7/02/2018,142.4
CSL,8/02/2018,142.95
CSL,9/02/2018,140.45
CSL,12/02/2018,140.26
CSL,13-Feb-18,142.07
CSL,14-Feb-18,149.29
CSL,15-Feb-18,151.5
CSL,16-Feb-18,153.39
CSL,19-Feb-18,155.86
CSL,20-Feb-18,156
CSL,21-Feb-18,156.85
CSL,22-Feb-18,158.32
CSL,23-Feb-18,160.91
CSL,26-Feb-18,163.33
CSL,27-Feb-18,164.66
CSL,28-Feb-18,163.17
CSL,1/03/2018,161.42
CSL,2/03/2018,160.05
CSL,5/03/2018,161.07
CSL,6/03/2018,163.43
CSL,7/03/2018,161.37
CSL,8/03/2018,163.48
CSL,9/03/2018,163.75
CSL,12/03/2018,165.66
CSL,13-Mar-18,165.94
CSL,14-Mar-18,164.3
CSL,15-Mar-18,164.23
CSL,16-Mar-18,165.57
CSL,19-Mar-18,166.59
CSL,20-Mar-18,164.39
CSL,21-Mar-18,163.73
CSL,22-Mar-18,162.72
CSL,23-Mar-18,158.75
CSL,26-Mar-18,156.5
CSL,27-Mar-18,158.55
CSL,28-Mar-18,157.01
CSL,29-Mar-18,155.46
CSL,3/04/2018,156
CSL,4/04/2018,157.84
CSL,5/04/2018,159.22
CSL,6/04/2018,157.99
CSL,9/04/2018,159.62
CSL,10/04/2018,158.29
CSL,11/04/2018,158.84
CSL,12/04/2018,159.29
CSL,13-Apr-18,160.35
CSL,16-Apr-18,161.15
CSL,17-Apr-18,161.29
CSL,18-Apr-18,160.16
CSL,19-Apr-18,159.8
CSL,20-Apr-18,159.88
CSL,23-Apr-18,159.54
CSL,24-Apr-18,161.75
CSL,26-Apr-18,165.65
CSL,27-Apr-18,170.39
CSL,30-Apr-18,170.36
CSL,1/05/2018,168.95
CSL,2/05/2018,169.71
CSL,3/05/2018,170.55
CSL,4/05/2018,170.21
CSL,7/05/2018,169.96
CSL,8/05/2018,172.44
CSL,9/05/2018,173.24
CSL,10/05/2018,176.08
CSL,11/05/2018,175.76
CSL,14-May-18,176.9
CSL,15-May-18,177.56
CSL,16-May-18,178.34
CSL,17-May-18,175.69
CSL,18-May-18,182.95
CSL,21-May-18,186.12
CSL,22-May-18,184.33
CSL,23-May-18,182.3
CSL,24-May-18,183.1
CSL,25-May-18,183.4
CSL,28-May-18,183.1
CSL,29-May-18,185.14
CSL,30-May-18,187.06
CSL,31-May-18,185.85
CSL,1/06/2018,186.21
CSL,4/06/2018,188.56
CSL,5/06/2018,186.94
CSL,6/06/2018,189.64
CSL,7/06/2018,189.35
CSL,8/06/2018,189.19
CSL,12/06/2018,191.18
CSL,13-Jun-18,189.26
CSL,14-Jun-18,186.79
CSL,15-Jun-18,184.52
CSL,18-Jun-18,186.59
CSL,19-Jun-18,191.65
CSL,20-Jun-18,193.81
CSL,21-Jun-18,198.5
CSL,22-Jun-18,198.47
CSL,25-Jun-18,197.84
CSL,26-Jun-18,196.49
CSL,27-Jun-18,195
CSL,28-Jun-18,194.84
CSL,29-Jun-18,192.62
CSL,2/07/2018,194.46
CSL,3/07/2018,197.83
CSL,4/07/2018,197.01
CSL,5/07/2018,198.09
CSL,6/07/2018,198.22
CSL,9/07/2018,197.3
CSL,10/07/2018,195.86
CSL,11/07/2018,195.59
CSL,12/07/2018,200.6
CSL,13-Jul-18,204.56
CSL,16-Jul-18,198.64
CSL,17-Jul-18,197.12
CSL,18-Jul-18,199.61
CSL,19-Jul-18,200.83
CSL,20-Jul-18,203.2
CSL,23-Jul-18,200.83
CSL,24-Jul-18,202.45
CSL,25-Jul-18,199.07
CSL,26-Jul-18,198.13
CSL,27-Jul-18,199.34
CSL,30-Jul-18,197.56
CSL,31-Jul-18,196.61
CSL,1/08/2018,197.77
CSL,2/08/2018,196.63
CSL,3/08/2018,198.51
CSL,6/08/2018,199.49
CSL,7/08/2018,201.57
CSL,8/08/2018,201.6
CSL,9/08/2018,200.61
CSL,10/08/2018,202.63
CSL,13-Aug-18,202.3
CSL,14-Aug-18,201.69
CSL,15-Aug-18,214.58
CSL,16-Aug-18,216.67
CSL,17-Aug-18,215.85
CSL,20-Aug-18,218.5
CSL,21-Aug-18,219.05
CSL,22-Aug-18,216.9
CSL,23-Aug-18,218.1
CSL,24-Aug-18,224.43
CSL,27-Aug-18,224.8
CSL,28-Aug-18,224.78
CSL,29-Aug-18,223.35
CSL,30-Aug-18,226.3
CSL,31-Aug-18,227.31
CSL,3/09/2018,229.43
CSL,4/09/2018,230.28
CSL,5/09/2018,227.44
CSL,6/09/2018,217.16
CSL,7/09/2018,210.65
CSL,10/09/2018,212.21
CSL,11/09/2018,210.63
CSL,12/09/2018,211.95
CSL,13-Sep-18,206.34
CSL,14-Sep-18,210.62
CSL,17-Sep-18,208.23
CSL,18-Sep-18,205.29
CSL,19-Sep-18,202.49
CSL,20-Sep-18,206.88
CSL,21-Sep-18,207.12
CSL,24-Sep-18,204.32
CSL,25-Sep-18,204.91
CSL,26-Sep-18,202.99
CSL,27-Sep-18,202.02
CSL,28-Sep-18,201.11
CSL,1/10/2018,203.31
CSL,2/10/2018,199.33
CSL,3/10/2018,198.52
CSL,4/10/2018,199.61
CSL,5/10/2018,200.02
CSL,8/10/2018,197.12
CSL,9/10/2018,188.21
CSL,10/10/2018,191.8
CSL,11/10/2018,185.5
CSL,12/10/2018,188.89
CSL,15-Oct-18,188.92
CSL,16-Oct-18,188.36
CSL,17-Oct-18,193
CSL,18-Oct-18,188.81
CSL,19-Oct-18,188.06
CSL,22-Oct-18,184.73
CSL,23-Oct-18,181.15
CSL,24-Oct-18,182.1
CSL,25-Oct-18,174.69
CSL,26-Oct-18,176.9
CSL,29-Oct-18,183.4
CSL,30-Oct-18,187.44
CSL,31-Oct-18,188
CSL,1/11/2018,188.28
CSL,2/11/2018,192.18
CSL,5/11/2018,187.52
CSL,6/11/2018,187.01
CSL,7/11/2018,188.32
CSL,8/11/2018,191.1
CSL,9/11/2018,190.58
CSL,12/11/2018,192.87
CSL,13-Nov-18,187.89
CSL,14-Nov-18,183.6
CSL,15-Nov-18,184.26
CSL,16-Nov-18,183.67
CSL,19-Nov-18,182.3
CSL,20-Nov-18,175.75
CSL,21-Nov-18,178.77
CSL,22-Nov-18,184.81
CSL,23-Nov-18,182.32
CSL,26-Nov-18,179.7
CSL,27-Nov-18,179.5
CSL,28-Nov-18,179.78
CSL,29-Nov-18,180.8
CSL,30-Nov-18,177.4
CSL,3/12/2018,183.49
CSL,4/12/2018,181.78
CSL,5/12/2018,179.75
CSL,6/12/2018,179.24
CSL,7/12/2018,183.9
CSL,10/12/2018,176.64
CSL,11/12/2018,180.38
CSL,12/12/2018,182.7
CSL,13-Dec-18,181.65
CSL,14-Dec-18,180.15
CSL,17-Dec-18,183.74
CSL,18-Dec-18,181.37
CSL,19-Dec-18,178.15
CSL,20-Dec-18,175.65
CSL,21-Dec-18,177.73
CSL,24-Dec-18,178.26
CSL,27-Dec-18,184.29
CSL,28-Dec-18,186.49
CSL,31-Dec-18,185.16
CSL,2/01/2019,185.38
CSL,3/01/2019,189.45
CSL,4/01/2019,188.53
CSL,7/01/2019,187.5
CSL,8/01/2019,189.92
CSL,9/01/2019,195.1
CSL,10/01/2019,196.47
CSL,11/01/2019,195.2
CSL,14-Jan-19,194.38
CSL,15-Jan-19,197.91
CSL,16-Jan-19,197.29
CSL,17-Jan-19,196.38
CSL,18-Jan-19,196.19
CSL,21-Jan-19,195.78
CSL,22-Jan-19,195.7
CSL,23-Jan-19,197.5
CSL,24-Jan-19,198.86
CSL,25-Jan-19,199.16
CSL,29-Jan-19,194.49
CSL,30-Jan-19,194.73
CSL,31-Jan-19,194.72
CSL,1/02/2019,194.44
CSL,4/02/2019,193.77
CSL,5/02/2019,193.03
CSL,6/02/2019,188.82
CSL,7/02/2019,192.6
CSL,8/02/2019,194.53
CSL,11/02/2019,191.29
CSL,12/02/2019,193.69
CSL,13-Feb-19,186.09
CSL,14-Feb-19,187.29
CSL,15-Feb-19,185
CSL,18-Feb-19,187.04
CSL,19-Feb-19,184
CSL,20-Feb-19,185.35
CSL,21-Feb-19,185.5
CSL,22-Feb-19,186.5
CSL,25-Feb-19,189.09
CSL,26-Feb-19,187.25
CSL,27-Feb-19,187.94
CSL,28-Feb-19,193.76
CSL,1/03/2019,195.66
CSL,4/03/2019,198.91
CSL,5/03/2019,197.99
CSL,6/03/2019,198.13
CSL,7/03/2019,199.52
CSL,8/03/2019,199.41
CSL,11/03/2019,198.98
CSL,12/03/2019,199.71
CSL,13-Mar-19,195.43
CSL,14-Mar-19,195.86
CSL,15-Mar-19,195.93
CSL,18-Mar-19,196.17
CSL,19-Mar-19,193.58
CSL,20-Mar-19,194.44
CSL,21-Mar-19,194.23
CSL,22-Mar-19,197.19
CSL,25-Mar-19,195.3
CSL,26-Mar-19,194.24
CSL,27-Mar-19,192.33
CSL,28-Mar-19,193.6
CSL,29-Mar-19,194.94
CSL,1/04/2019,197.58
CSL,2/04/2019,200.21
CSL,3/04/2019,202.36
CSL,4/04/2019,199.25
CSL,5/04/2019,196.88
CSL,8/04/2019,200.54
CSL,9/04/2019,201.6
CSL,10/04/2019,201.47
CSL,11/04/2019,199
CSL,12/04/2019,197.86
CSL,15-Apr-19,195.54
CSL,16-Apr-19,196.7
CSL,17-Apr-19,193.03
CSL,18-Apr-19,190.51
CSL,23-Apr-19,190.37
CSL,24-Apr-19,195
CSL,26-Apr-19,196.98
CSL,29-Apr-19,198.14
CSL,30-Apr-19,198.57
CSL,1/05/2019,200.39
CSL,2/05/2019,201.25
CSL,3/05/2019,199.87
CSL,6/05/2019,198.9
CSL,7/05/2019,198.59
CSL,8/05/2019,197.25
CSL,9/05/2019,197.16
CSL,10/05/2019,197.25
CSL,13-May-19,200.05
CSL,14-May-19,197.79
CSL,15-May-19,200.84
CSL,16-May-19,202.98
CSL,17-May-19,206.51
CSL,20-May-19,206.37
CSL,21-May-19,206.24
CSL,22-May-19,206.68
CSL,23-May-19,206.2
CSL,24-May-19,206.42
CSL,27-May-19,206.65
CSL,28-May-19,207.28
CSL,29-May-19,204.5
CSL,30-May-19,203.57
CSL,31-May-19,205.49
CSL,3/06/2019,204.63
CSL,4/06/2019,203.07
CSL,5/06/2019,201.33
CSL,6/06/2019,200.86
CSL,7/06/2019,203.8
CSL,11/06/2019,212.5
CSL,12/06/2019,207.84
CSL,13-Jun-19,212.64
CSL,14-Jun-19,212.87
CSL,17-Jun-19,211.42
CSL,18-Jun-19,215.2
CSL,19-Jun-19,218.15
CSL,20-Jun-19,219.46
CSL,21-Jun-19,212.5
CSL,24-Jun-19,213.49
CSL,25-Jun-19,214.37
CSL,26-Jun-19,215.82
CSL,27-Jun-19,215.19
CSL,28-Jun-19,215
CSL,1/07/2019,216.56
CSL,2/07/2019,218.01
CSL,3/07/2019,217.25
CSL,4/07/2019,221.12
CSL,5/07/2019,224.65
CSL,8/07/2019,221.3
CSL,9/07/2019,220
CSL,10/07/2019,220.19
CSL,11/07/2019,221.74
CSL,12/07/2019,221
CSL,15-Jul-19,221.36
CSL,16-Jul-19,222.59
CSL,17-Jul-19,224.08
CSL,18-Jul-19,224.43
CSL,19-Jul-19,224.78
CSL,22-Jul-19,221.81
CSL,23-Jul-19,222.93
CSL,24-Jul-19,223.34
CSL,25-Jul-19,228
CSL,26-Jul-19,226.69
CSL,29-Jul-19,228.85
CSL,30-Jul-19,230.22
CSL,31-Jul-19,229.62
CSL,1/08/2019,228.9
CSL,2/08/2019,232.03
CSL,5/08/2019,226.45
CSL,6/08/2019,217.43
CSL,7/08/2019,218.88
CSL,8/08/2019,222.79
CSL,9/08/2019,220.02
CSL,12/08/2019,222.78
CSL,13-Aug-19,219.5
CSL,14-Aug-19,234
CSL,15-Aug-19,226.61
CSL,16-Aug-19,227.4
CSL,19-Aug-19,229.52
CSL,20-Aug-19,234.45
CSL,21-Aug-19,235.3
CSL,22-Aug-19,238.86
CSL,23-Aug-19,238.35
CSL,26-Aug-19,233.9
CSL,27-Aug-19,234.05
CSL,28-Aug-19,233
CSL,29-Aug-19,235.43
CSL,30-Aug-19,240.87
CSL,2/09/2019,239.85
CSL,3/09/2019,240.03
CSL,4/09/2019,236.45
CSL,5/09/2019,239.65
CSL,6/09/2019,241.99
CSL,9/09/2019,239.55
CSL,10/09/2019,233
CSL,11/09/2019,231.44
CSL,12/09/2019,231.6
CSL,13-Sep-19,230.69
CSL,16-Sep-19,230.38
CSL,17-Sep-19,234.82
CSL,18-Sep-19,234.77
CSL,19-Sep-19,235.02
CSL,20-Sep-19,234.5
CSL,23-Sep-19,236.69
CSL,24-Sep-19,237.82
CSL,25-Sep-19,236.69
CSL,26-Sep-19,233.84
CSL,27-Sep-19,234.3
CSL,30-Sep-19,233.69
CSL,1/10/2019,238.4
CSL,2/10/2019,234.65
CSL,3/10/2019,229.03
CSL,4/10/2019,236.34
CSL,7/10/2019,239.59
CSL,8/10/2019,240.5
CSL,9/10/2019,238.86
CSL,10/10/2019,239.81
CSL,11/10/2019,244.54
CSL,14-Oct-19,243.74
CSL,15-Oct-19,248.39
CSL,16-Oct-19,253
CSL,17-Oct-19,252.59
CSL,18-Oct-19,250.97
CSL,21-Oct-19,249.42
CSL,22-Oct-19,250.75
CSL,23-Oct-19,250.64
CSL,24-Oct-19,252.75
CSL,25-Oct-19,256.77
CSL,28-Oct-19,256.23
CSL,29-Oct-19,256.87
CSL,30-Oct-19,255.41
CSL,31-Oct-19,256.03
CSL,1/11/2019,258.65
CSL,4/11/2019,259.55
CSL,5/11/2019,260.75
CSL,6/11/2019,258.5
CSL,7/11/2019,261.31
CSL,8/11/2019,261.34
CSL,11/11/2019,270.56
CSL,12/11/2019,266.51
CSL,13-Nov-19,266.91
CSL,14-Nov-19,269.67
CSL,15-Nov-19,274.74
CSL,18-Nov-19,271.99
CSL,19-Nov-19,274.27
CSL,20-Nov-19,270.17
CSL,21-Nov-19,267
CSL,22-Nov-19,269.65
CSL,25-Nov-19,273.41
CSL,26-Nov-19,279.73
CSL,27-Nov-19,279.99
CSL,28-Nov-19,282.99
CSL,29-Nov-19,283.48
CSL,2/12/2019,286.1
CSL,3/12/2019,277.9
CSL,4/12/2019,277.19
CSL,5/12/2019,277.71
CSL,6/12/2019,281
CSL,9/12/2019,277.95
CSL,10/12/2019,278.34
CSL,11/12/2019,282.15
CSL,12/12/2019,279.19
CSL,13-Dec-19,278.12
CSL,16-Dec-19,285.1
CSL,17-Dec-19,284.72
CSL,18-Dec-19,287
CSL,19-Dec-19,282.56
CSL,20-Dec-19,281.47
CSL,23-Dec-19,278.64
CSL,24-Dec-19,282.29
CSL,27-Dec-19,280.42
CSL,30-Dec-19,281.96
CSL,31-Dec-19,275.76
CSL,2/01/2020,275.04
CSL,3/01/2020,277.3
CSL,6/01/2020,276.8
CSL,7/01/2020,283.42
CSL,8/01/2020,285.85
CSL,9/01/2020,291.1
CSL,10/01/2020,299.3
CSL,13-Jan-20,294.5
CSL,14-Jan-20,296.5
CSL,15-Jan-20,297.74
CSL,16-Jan-20,300.89
CSL,17-Jan-20,300.1
CSL,20-Jan-20,303.45
CSL,21-Jan-20,304.34
CSL,22-Jan-20,308.5
CSL,23-Jan-20,307.19
CSL,24-Jan-20,310.7
CSL,28-Jan-20,312.66
CSL,29-Jan-20,316.09
CSL,30-Jan-20,310.49
CSL,31-Jan-20,312.05
CSL,3/02/2020,311.41
CSL,4/02/2020,313.35
CSL,5/02/2020,315.64
CSL,6/02/2020,320.62
CSL,7/02/2020,320.03
CSL,10/02/2020,322.96
CSL,11/02/2020,325.73
CSL,12/02/2020,328.25
CSL,13-Feb-20,330.99
CSL,14-Feb-20,331.19
CSL,17-Feb-20,332.55
CSL,18-Feb-20,331.17
CSL,19-Feb-20,341
CSL,20-Feb-20,338.68
CSL,21-Feb-20,336.4
CSL,24-Feb-20,325.46
CSL,25-Feb-20,324
CSL,26-Feb-20,310.59
CSL,27-Feb-20,317.5
CSL,28-Feb-20,309.44
CSL,2/03/2020,306.11
CSL,3/03/2020,313
CSL,4/03/2020,306.14
CSL,5/03/2020,316.9
CSL,6/03/2020,314.59
CSL,9/03/2020,295.96
CSL,10/03/2020,308.97
CSL,11/03/2020,303.81
CSL,12/03/2020,280.51
CSL,13-Mar-20,313.83
CSL,16-Mar-20,281.34
CSL,17-Mar-20,296.9
CSL,18-Mar-20,271.4
CSL,19-Mar-20,283.91
CSL,20-Mar-20,270.88
CSL,23-Mar-20,282.24
CSL,24-Mar-20,285.35
CSL,25-Mar-20,284.36
CSL,26-Mar-20,301.99
CSL,27-Mar-20,279.12
CSL,30-Mar-20,312.68
CSL,31-Mar-20,296.68
CSL,1/04/2020,307
CSL,2/04/2020,308.27
CSL,3/04/2020,304.11
CSL,6/04/2020,319.9
CSL,7/04/2020,311.99
CSL,8/04/2020,311.94
CSL,9/04/2020,329
CSL,14-Apr-20,325.97
CSL,15-Apr-20,324.15
CSL,16-Apr-20,324.86
CSL,17-Apr-20,328.42
CSL,20-Apr-20,315.81
CSL,21-Apr-20,306.69
CSL,22-Apr-20,313.05
CSL,23-Apr-20,306.67
CSL,24-Apr-20,313.75
CSL,27-Apr-20,322
CSL,28-Apr-20,320.2
CSL,29-Apr-20,315.6
CSL,30-Apr-20,309.44
CSL,1/05/2020,298.76
CSL,4/05/2020,307.38
CSL,5/05/2020,305.72
CSL,6/05/2020,306.78
CSL,7/05/2020,307.93
CSL,8/05/2020,301.18
CSL,11/05/2020,302.14
CSL,12/05/2020,307.61
CSL,13-May-20,310
CSL,14-May-20,301.63
CSL,15-May-20,301.84
CSL,18-May-20,306.4
CSL,19-May-20,303.01
CSL,20-May-20,300.96
CSL,21-May-20,297.97
CSL,22-May-20,290.93
CSL,25-May-20,298.27
CSL,26-May-20,307.63
CSL,27-May-20,288
CSL,28-May-20,287.51
CSL,29-May-20,276.22
CSL,1/06/2020,284.67
CSL,2/06/2020,284.73
CSL,3/06/2020,283.55
CSL,4/06/2020,294.23
CSL,5/06/2020,285.33
CSL,9/06/2020,278.5
CSL,10/06/2020,285.69
CSL,11/06/2020,284.82
CSL,12/06/2020,284.32
CSL,15-Jun-20,278.79
CSL,16-Jun-20,284.01
CSL,17-Jun-20,287.16
CSL,18-Jun-20,285.89
CSL,19-Jun-20,288.25
CSL,22-Jun-20,289.88
CSL,23-Jun-20,289.21
CSL,24-Jun-20,292.36
CSL,25-Jun-20,294
CSL,26-Jun-20,292.74
CSL,29-Jun-20,289.56
CSL,30-Jun-20,287
CSL,1/07/2020,284.4
CSL,2/07/2020,289.72
CSL,3/07/2020,297.46
CSL,6/07/2020,290.81
CSL,7/07/2020,290.08
CSL,8/07/2020,280.5
CSL,9/07/2020,280.75
CSL,10/07/2020,282.37
CSL,13-Jul-20,281.43
CSL,14-Jul-20,278.9
CSL,15-Jul-20,287.33
CSL,16-Jul-20,281.36
CSL,17-Jul-20,283.42
CSL,20-Jul-20,282.7
CSL,21-Jul-20,293.35
CSL,22-Jul-20,282.72
CSL,23-Jul-20,282.42
CSL,24-Jul-20,277.02
CSL,27-Jul-20,275.44
CSL,28-Jul-20,272.2
CSL,29-Jul-20,270.36
CSL,30-Jul-20,274.45
CSL,31-Jul-20,270.1
CSL,3/08/2020,277.15
CSL,4/08/2020,283.16
CSL,5/08/2020,278.15
CSL,6/08/2020,277.75
CSL,7/08/2020,274.19
CSL,10/08/2020,279.52
CSL,11/08/2020,280.98
CSL,12/08/2020,281.73
CSL,13-Aug-20,277.8
CSL,14-Aug-20,279.34
CSL,17-Aug-20,281.02
CSL,18-Aug-20,293.29
CSL,19-Aug-20,312.05
CSL,20-Aug-20,300
CSL,21-Aug-20,295.52
CSL,24-Aug-20,295.12
CSL,25-Aug-20,289.9
CSL,26-Aug-20,290.97
CSL,27-Aug-20,293.55
CSL,28-Aug-20,289.89
CSL,31-Aug-20,286.01
CSL,1/09/2020,281.68
CSL,2/09/2020,287.2
CSL,3/09/2020,290.95
CSL,4/09/2020,279.05
CSL,7/09/2020,282.13
CSL,8/09/2020,288.18
CSL,9/09/2020,281
CSL,10/09/2020,282
CSL,11/09/2020,283.5
CSL,14-Sep-20,283.14
CSL,15-Sep-20,287.24
CSL,16-Sep-20,291.18
CSL,17-Sep-20,285.72
CSL,18-Sep-20,282.62
CSL,21-Sep-20,283.25
CSL,22-Sep-20,286.35
CSL,23-Sep-20,297.21
CSL,24-Sep-20,296.48
CSL,25-Sep-20,296.71
CSL,28-Sep-20,295.05
CSL,29-Sep-20,295.54
CSL,30-Sep-20,287
CSL,1/10/2020,287.78
CSL,2/10/2020,284.67
CSL,5/10/2020,289.21
CSL,6/10/2020,287
CSL,7/10/2020,291.86
CSL,8/10/2020,298.94
CSL,9/10/2020,295.32
CSL,12/10/2020,296.67
CSL,13-Oct-20,298.23
CSL,14-Oct-20,302.29
CSL,15-Oct-20,300.99
CSL,16-Oct-20,299
CSL,19-Oct-20,304.13
CSL,20-Oct-20,301.04
CSL,21-Oct-20,297.12
CSL,22-Oct-20,296.34
CSL,23-Oct-20,294.82
CSL,26-Oct-20,296
CSL,27-Oct-20,291.97
CSL,28-Oct-20,294.43
CSL,29-Oct-20,291.5
CSL,30-Oct-20,287.56
CSL,2/11/2020,286.05
CSL,3/11/2020,291.99
CSL,4/11/2020,291.58
CSL,5/11/2020,301.63
CSL,6/11/2020,301.99
CSL,9/11/2020,304.92
CSL,10/11/2020,304.6
CSL,11/11/2020,306.54
CSL,12/11/2020,308.58
CSL,13-Nov-20,309.46
CSL,16-Nov-20,315.04
CSL,17-Nov-20,311.37
CSL,18-Nov-20,312.53
CSL,19-Nov-20,310.27
CSL,20-Nov-20,313.53
CSL,23-Nov-20,316.68
CSL,24-Nov-20,318.58
CSL,25-Nov-20,310.61
CSL,26-Nov-20,307.04
CSL,27-Nov-20,303
CSL,30-Nov-20,297.38
CSL,1/12/2020,299.75
CSL,2/12/2020,296.26
CSL,3/12/2020,294.13
CSL,4/12/2020,293.8
CSL,7/12/2020,295
CSL,8/12/2020,297.59
CSL,9/12/2020,304.14
CSL,10/12/2020,301.29
CSL,11/12/2020,291.53
CSL,14-Dec-20,286.5
CSL,15-Dec-20,289.84
CSL,16-Dec-20,286.95
CSL,17-Dec-20,288.16
CSL,18-Dec-20,288.98
CSL,21-Dec-20,286.37
CSL,22-Dec-20,288.67
CSL,23-Dec-20,289.52
CSL,24-Dec-20,288.54
CSL,29-Dec-20,288.3
CSL,30-Dec-20,287.79
CSL,31-Dec-20,283.18
CSL,4/01/2021,285
CSL,5/01/2021,285.62
CSL,6/01/2021,278.38
CSL,7/01/2021,275
CSL,8/01/2021,280.25
CSL,11/01/2021,275.95
CSL,12/01/2021,273.07
CSL,13-Jan-21,271.04
CSL,14-Jan-21,271
CSL,15-Jan-21,267.26
CSL,18-Jan-21,267.5
CSL,19-Jan-21,271.14
CSL,20-Jan-21,270.93
CSL,21-Jan-21,268.78
CSL,22-Jan-21,274.6
CSL,25-Jan-21,275.54
CSL,27-Jan-21,275.2
CSL,28-Jan-21,266.9
CSL,29-Jan-21,271.72
CSL,1/02/2021,278.06
CSL,2/02/2021,274.33
CSL,3/02/2021,280.26
CSL,4/02/2021,275.36
CSL,5/02/2021,276.33
CSL,8/02/2021,277.09
CSL,9/02/2021,273.57
CSL,10/02/2021,276.1
CSL,11/02/2021,276.7
CSL,12/02/2021,276.76
CSL,15-Feb-21,278.5
CSL,16-Feb-21,285.84
CSL,17-Feb-21,281.17
CSL,18-Feb-21,289
CSL,19-Feb-21,274.43
CSL,22-Feb-21,267.79
CSL,23-Feb-21,267.96
CSL,24-Feb-21,267.96
CSL,25-Feb-21,270.25
CSL,26-Feb-21,262.59
CSL,1/03/2021,270.28
CSL,2/03/2021,269.74
CSL,3/03/2021,267
CSL,4/03/2021,255.83
CSL,5/03/2021,248.58
CSL,8/03/2021,246
CSL,9/03/2021,250.16
CSL,10/03/2021,252.21
CSL,11/03/2021,253.9
CSL,12/03/2021,253.26
CSL,15-Mar-21,255.85
CSL,16-Mar-21,261.81
CSL,17-Mar-21,261
CSL,18-Mar-21,256.09
CSL,19-Mar-21,253.95
CSL,22-Mar-21,260.16
CSL,23-Mar-21,261
CSL,24-Mar-21,266.02
CSL,25-Mar-21,269.83
CSL,26-Mar-21,267.46
CSL,29-Mar-21,265.39
CSL,30-Mar-21,262.66
CSL,31-Mar-21,264.65
CSL,1/04/2021,263
CSL,6/04/2021,263.6
CSL,7/04/2021,262.99
CSL,8/04/2021,265.94
CSL,9/04/2021,263.4
CSL,12/04/2021,265.5
CSL,13-Apr-21,264.66
CSL,14-Apr-21,267.8
CSL,15-Apr-21,268.29
CSL,16-Apr-21,269.07
CSL,19-Apr-21,268.3
CSL,20-Apr-21,263.95
CSL,21-Apr-21,267.95
CSL,22-Apr-21,272.8
CSL,23-Apr-21,273.34
CSL,26-Apr-21,271.75
CSL,27-Apr-21,268.37
CSL,28-Apr-21,271.01
CSL,29-Apr-21,273.49
CSL,30-Apr-21,271.16
CSL,3/05/2021,270.95
CSL,4/05/2021,271.21
CSL,5/05/2021,277.66
CSL,6/05/2021,276.89
CSL,7/05/2021,274.51
CSL,10/05/2021,275.36
CSL,11/05/2021,274.34
CSL,12/05/2021,274.25
CSL,13-May-21,277.51
CSL,14-May-21,277.68
CSL,17-May-21,276.57
CSL,18-May-21,277.21
CSL,19-May-21,274.45
CSL,20-May-21,278.16
CSL,21-May-21,284.3
CSL,24-May-21,289.27
CSL,25-May-21,291.96
CSL,26-May-21,288.86
CSL,27-May-21,288.61
CSL,28-May-21,289.12
CSL,31-May-21,290.21
CSL,1/06/2021,287.99
CSL,2/06/2021,286.96
CSL,3/06/2021,287.01
CSL,4/06/2021,291.37
CSL,7/06/2021,292.57
CSL,8/06/2021,295.19
CSL,9/06/2021,294.11
CSL,10/06/2021,295.21
CSL,11/06/2021,296.64
CSL,15-Jun-21,301.72
CSL,16-Jun-21,302.9
CSL,17-Jun-21,302.22
CSL,18-Jun-21,305.52
CSL,21-Jun-21,305
CSL,22-Jun-21,300.52
CSL,23-Jun-21,294.25
CSL,24-Jun-21,286.61
CSL,25-Jun-21,285.13
CSL,28-Jun-21,288.42
CSL,29-Jun-21,289.87
CSL,30-Jun-21,285.19
CSL,1/07/2021,283.5
CSL,2/07/2021,284.19
CSL,5/07/2021,282
CSL,6/07/2021,277.24
CSL,7/07/2021,281.16
CSL,8/07/2021,279.14
CSL,9/07/2021,275.47
CSL,12/07/2021,279.06
CSL,13-Jul-21,279.52
CSL,14-Jul-21,279.82
CSL,15-Jul-21,275.15
CSL,16-Jul-21,277.72
CSL,19-Jul-21,282.74
CSL,20-Jul-21,286.48
CSL,21-Jul-21,290.13
CSL,22-Jul-21,289.24
CSL,23-Jul-21,293.48
CSL,26-Jul-21,292.71
CSL,27-Jul-21,292.1
CSL,28-Jul-21,289.53
CSL,29-Jul-21,291.02
CSL,30-Jul-21,288.91
CSL,2/08/2021,294.35
CSL,3/08/2021,294.31
CSL,4/08/2021,292.28
CSL,5/08/2021,293.79
CSL,6/08/2021,297.93
CSL,9/08/2021,296.87
CSL,10/08/2021,295.13
CSL,11/08/2021,293.25
CSL,12/08/2021,290.64
CSL,13-Aug-21,297.53
CSL,16-Aug-21,297.49
CSL,17-Aug-21,297.94
CSL,18-Aug-21,293.56
CSL,19-Aug-21,302.83
CSL,20-Aug-21,306.1
CSL,23-Aug-21,306.65
CSL,24-Aug-21,308.55
CSL,25-Aug-21,312.51
CSL,26-Aug-21,308.1
CSL,27-Aug-21,311.06
CSL,30-Aug-21,310.3
CSL,31-Aug-21,311.94
CSL,1/09/2021,309.08
CSL,2/09/2021,303.44
CSL,3/09/2021,303.87
CSL,6/09/2021,305.8
CSL,7/09/2021,310.25
CSL,8/09/2021,311
CSL,9/09/2021,305.5
CSL,10/09/2021,302.6
CSL,13-Sep-21,302.69
CSL,14-Sep-21,300.68
CSL,15-Sep-21,304.88
CSL,16-Sep-21,308.32
CSL,17-Sep-21,309.36
CSL,20-Sep-21,307.41
CSL,21-Sep-21,310.38
CSL,22-Sep-21,312.41
CSL,23-Sep-21,312.99
CSL,24-Sep-21,312.01
CSL,27-Sep-21,306.26
CSL,28-Sep-21,294.47
CSL,29-Sep-21,286.86
CSL,30-Sep-21,293.4
CSL,1/10/2021,288.87
CSL,4/10/2021,287.33
CSL,5/10/2021,286.67
CSL,6/10/2021,286.19
CSL,7/10/2021,288.06
CSL,8/10/2021,290.46
CSL,11/10/2021,287.5
CSL,12/10/2021,292.68
CSL,13-Oct-21,294.05
CSL,14-Oct-21,296.9
CSL,15-Oct-21,297.56
CSL,18-Oct-21,294.3
CSL,19-Oct-21,296.18
CSL,20-Oct-21,297.67
CSL,21-Oct-21,294.65
CSL,22-Oct-21,295.86
CSL,25-Oct-21,295.59
CSL,26-Oct-21,296
CSL,27-Oct-21,298.98
CSL,28-Oct-21,299.84
CSL,29-Oct-21,300.49
CSL,1/11/2021,306.58
CSL,2/11/2021,308.04
CSL,3/11/2021,310.84
CSL,4/11/2021,311.93
CSL,5/11/2021,314.48
CSL,8/11/2021,312.1
CSL,9/11/2021,314.88
CSL,10/11/2021,314.22
CSL,11/11/2021,306.83
CSL,12/11/2021,307.4
CSL,15-Nov-21,309.8
CSL,16-Nov-21,307.43
CSL,17-Nov-21,309
CSL,18-Nov-21,312.36
CSL,19-Nov-21,315.5
CSL,22-Nov-21,316.07
CSL,23-Nov-21,317.06
CSL,24-Nov-21,318
CSL,25-Nov-21,317.61
CSL,26-Nov-21,312
CSL,29-Nov-21,307
CSL,30-Nov-21,306.79
CSL,1/12/2021,309.19
CSL,2/12/2021,305.3
CSL,3/12/2021,297.67
CSL,6/12/2021,296.29
CSL,7/12/2021,301.79
CSL,8/12/2021,304.35
CSL,9/12/2021,304.68
CSL,10/12/2021,298.31
CSL,13-Dec-21,297.27
CSL,16-Dec-21,273
CSL,17-Dec-21,272.1
CSL,20-Dec-21,273.76
CSL,21-Dec-21,287.21
CSL,22-Dec-21,290.74
CSL,23-Dec-21,291.83
CSL,24-Dec-21,292.85
CSL,29-Dec-21,293.06
CSL,30-Dec-21,292.5
CSL,31-Dec-21,290.72
CSL,4/01/2022,295.99
CSL,5/01/2022,290.6
CSL,6/01/2022,280
CSL,7/01/2022,282.4
CSL,10/01/2022,280
CSL,11/01/2022,277.94
CSL,12/01/2022,283.13
CSL,13-Jan-22,281.7
CSL,14-Jan-22,276
CSL,17-Jan-22,278.1
CSL,18-Jan-22,273.72
CSL,19-Jan-22,270.4
CSL,20-Jan-22,271.25
CSL,21-Jan-22,264.52
CSL,24-Jan-22,262.57
CSL,25-Jan-22,258.35
CSL,27-Jan-22,249.43
CSL,28-Jan-22,257.51
CSL,31-Jan-22,260.35
CSL,1/02/2022,261.55
CSL,2/02/2022,262.42
CSL,3/02/2022,257.46
CSL,4/02/2022,258.79
CSL,7/02/2022,254.61
CSL,8/02/2022,256.98
CSL,9/02/2022,255.61
CSL,10/02/2022,253.71
CSL,11/02/2022,248.5
CSL,14-Feb-22,243.56
CSL,15-Feb-22,243
CSL,16-Feb-22,263.69
CSL,17-Feb-22,277
CSL,18-Feb-22,265.57
CSL,21-Feb-22,263.54
CSL,22-Feb-22,266.98
CSL,23-Feb-22,268.89
CSL,24-Feb-22,264.79
CSL,25-Feb-22,261.33
CSL,28-Feb-22,259.98
